{
  "thresholds": [
    0.6500000000000001,
    0.7000000000000002,
    0.6200000000000001,
    0.37000000000000005,
    0.39000000000000007,
    0.6800000000000002,
    0.6000000000000002,
    0.5600000000000002,
    0.7500000000000002,
    0.5100000000000001,
    0.4800000000000001,
    0.6900000000000002,
    0.6600000000000001,
    0.5400000000000001,
    0.7000000000000002,
    0.6100000000000001,
    0.8300000000000002,
    0.5900000000000002,
    0.7600000000000002,
    0.8300000000000002,
    0.6400000000000001,
    0.8400000000000002,
    0.38000000000000006,
    0.8400000000000002,
    0.7200000000000002,
    0.6800000000000002,
    0.6000000000000002,
    0.32000000000000006
  ],
  "macro_f1": 0.6939419954279217
}